{
    "f1_score": 0.557919621749409,
    "precision": 0.4154929577464789,
    "recall": 0.8489208633093526,
    "specificity": 0.9390154298310066,
    "false_positive_rate": 0.06098457016899339,
    "false_negative_rate": 0.1510791366906475,
    "roc_auc": 0.97272556679124
}