{
    "f1_score": 0.8138801261829653,
    "precision": 0.7588235294117647,
    "recall": 0.8775510204081632,
    "specificity": 0.9880431612715077,
    "false_positive_rate": 0.011956838728492273,
    "false_negative_rate": 0.12244897959183673,
    "roc_auc": 0.9913879812642468
}